{"cameraMode":{"drawMode":0,"name":"Shaded","section":"Shading Mode"},"sceneLighting":false,"audioPlay":false,"sceneViewState":{"m_AlwaysRefresh":false,"showFog":true,"showSkybox":false,"showFlares":true,"showImageEffects":true,"showParticleSystems":true,"showVisualEffectGraphs":true,"m_FxEnabled":true},"in2DMode":false,"pivot":{"x":-5.855281829833984,"y":4.228780269622803,"z":0.0002148449420928955},"rotation":{"x":-0.1264617145061493,"y":-0.12405584007501602,"z":0.01594575121998787,"w":-0.9840649366378784},"size":0.9565251469612122,"orthographic":false}