{"cameraMode":{"drawMode":0,"name":"Shaded","section":"Shading Mode"},"sceneLighting":false,"audioPlay":false,"sceneViewState":{"m_AlwaysRefresh":false,"showFog":true,"showSkybox":false,"showFlares":true,"showImageEffects":true,"showParticleSystems":true,"showVisualEffectGraphs":true,"m_FxEnabled":true},"in2DMode":false,"pivot":{"x":0.2457752227783203,"y":-0.24582290649414063,"z":-0.9661350250244141},"rotation":{"x":-0.1264617145061493,"y":-0.12405584007501602,"z":0.01594575121998787,"w":-0.9840649366378784},"size":13.106304168701172,"orthographic":false}